protein,mutation,DDG
3C1D,V72P,0.39
3C1D,Y75L,1.46
3C1D,R30K,-1.15
1A22,A58K,0.1
1A22,T92I,1.9
3C1D,P55Y,1.93
1A22,N51C,0.72
1A22,E4W,1.77
2B9C,W90H,-1.61
3C1D,E8K,-1.86
2B9C,T50D,0.65
2B9C,Q4I,-1.26
3C1D,W34K,-0.42
2B9C,S72P,0.28
1A22,G82S,0.16
2B9C,M29H,1.21
1A22,E88H,-0.42
3C1D,L81Y,0.85
3C1D,A41C,1.66
1A22,G34K,-1.62
3C1D,C44N,0.55
3C1D,N99A,-1.52
2B9C,N5A,0.25
3C1D,F27E,0.09
3C1D,I51M,-1.87
3C1D,T96V,0.78
1A22,E15M,1.02
1A22,E86Y,1.52
2B9C,M28Q,1.21
2B9C,L62E,-1.56
1A22,V3M,-1.97
3C1D,H97C,-1.52
3C1D,H62V,1.89
2B9C,E3R,-0.8
1A22,T2T,0.01
2B9C,C1A,-1.04
2B9C,K32Q,0.37
3C1D,L38T,-0.53
2B9C,Q16L,1.34
3C1D,Q93S,1.43
3C1D,D90Y,0.05
3C1D,V52E,1.76
3C1D,W1G,0.7
1A22,W99I,-1.09
2B9C,S60V,-0.96
1A22,S69K,1.6
3C1D,H99H,0.8
3C1D,V24A,1.4
1A22,G38D,0.68
2B9C,N89S,0.65
1A22,W82F,-0.06
3C1D,S33H,-1.93
2B9C,S8V,1.4
1A22,A76S,0.04
2B9C,F51Q,1.57
3C1D,R28A,0.68
1A22,C19S,0.29
1A22,T92K,-0.12
2B9C,Q37N,1.71
1A22,F60N,1.41
3C1D,A18N,0.23
3C1D,N46G,-1.61
3C1D,R2I,-0.71
1A22,H48L,0.21
2B9C,N25W,0.45
2B9C,E45D,-1.22
2B9C,S76F,1.55
3C1D,R32R,0.31
2B9C,Y52T,-1.84
3C1D,L97C,1.31
1A22,E6D,-1.79
2B9C,P55N,-1.45
1A22,W30I,-1.84
3C1D,Y90C,1.85
3C1D,H1K,-1.31
1A22,P96R,0.2
1A22,G1M,1.82
3C1D,C76N,0.26
3C1D,C92F,-1.82
1A22,F69V,-0.1
2B9C,S33E,-0.14
1A22,I34C,-0.96
2B9C,Y69A,0.74
3C1D,R92T,0.34
3C1D,V50K,0.29
1A22,A43Y,1.77
3C1D,A40A,1.62
1A22,M95K,-0.49
1A22,Y35W,-0.65
2B9C,G90I,-0.64
3C1D,H68E,0.77
2B9C,M29L,-1.84
1A22,D73I,0.27
3C1D,T36N,-0.51
3C1D,C55K,1.0
1A22,N30H,1.61
2B9C,V89S,-0.72
3C1D,Y12T,1.83
3C1D,K71H,1.83
3C1D,V16Y,-0.21